{"name":"DragonBoy","version":"5.5","frameRate":24,"armature":[{"name":"Dragon","defaultActions":[{"gotoAndPlay":"stand"}],"ik":[],"skin":[{"name":"","slot":[{"name":"legR","display":[{"name":"parts/legR","transform":{"skX":-94.0239,"y":-0.7212,"x":9.9098,"skY":-94.0239},"type":"image","path":"parts/legR"}]},{"name":"eyeR","display":[{"name":"parts/eyeR","transform":{"y":-0.06,"x":0.18},"type":"image","path":"parts/eyeR"}]},{"name":"eyeL","display":[{"name":"parts/eyeL","transform":{"y":0.048,"x":0.036},"type":"image","path":"parts/eyeL"}]},{"name":"head","display":[{"name":"parts/head","transform":{"skX":80.4531,"y":-1.2646,"x":14.7546,"skY":80.4531},"type":"image","path":"parts/head"}]},{"name":"hair","display":[{"name":"parts/hair","transform":{"skX":-4.9086,"y":0.0477,"x":0.0054,"skY":-4.9086},"type":"image","path":"parts/hair"}]},{"name":"beardL","display":[{"name":"parts/beardL","transform":{"skX":-174.0434,"y":-0.5225,"x":5.9982,"skY":-174.0434},"type":"image","path":"parts/beardL"}]},{"name":"clothes","display":[{"name":"parts/clothes1","transform":{"skX":132.4995,"y":1.926,"x":3.8878,"skY":132.4995},"type":"image","path":"parts/clothes1"}]},{"name":"tail","display":[{"name":"parts/tail","transform":{"skX":45.2229,"y":-0.0369,"x":14.5186,"skY":45.2229},"type":"image","path":"parts/tail"}]},{"name":"body","display":[{"name":"parts/body","transform":{"skX":94.9653,"y":0.0743,"x":-0.1149,"skY":94.9653},"type":"image","path":"parts/body"}]},{"name":"armUpperR","display":[{"name":"parts/armUpperR","transform":{"skX":13.9232,"y":0.5687,"x":6.7824,"skY":13.9232},"type":"image","path":"parts/armUpperR"}]},{"name":"legL","display":[{"name":"parts/legL","transform":{"skX":-146.9135,"y":-0.7735,"x":12.1338,"skY":-146.9135},"type":"image","path":"parts/legL"}]},{"name":"handL","display":[{"name":"parts/handL","transform":{"skX":146.6156,"y":-0.1741,"x":4.1679,"skY":146.6156},"type":"image","path":"parts/handL"}]},{"name":"armL","display":[{"name":"parts/armL","transform":{"skX":98.2989,"y":-0.3453,"x":3.2034,"skY":98.2989},"type":"image","path":"parts/armL"}]},{"name":"beardR","display":[{"name":"parts/beardR","transform":{"y":0.024,"x":7.392},"type":"image","path":"parts/beardR"}]},{"name":"tailTip","display":[{"name":"parts/tailTip","transform":{"skX":82.7421,"y":-0.0986,"x":9.798,"skY":82.7421},"type":"image","path":"parts/tailTip"}]},{"name":"handR","display":[{"name":"parts/handR","transform":{"skX":-88.1106,"y":0.6075,"x":2.7655,"skY":-88.1106},"type":"image","path":"parts/handR"}]},{"name":"armR","display":[{"name":"parts/armR","transform":{"skX":-85.2356,"y":0.3349,"x":1.7061,"skY":-85.2356},"type":"image","path":"parts/armR"}]},{"name":"armUpperL","display":[{"name":"parts/armUpperL","transform":{"skX":-148.2623,"y":0.5186,"x":3.3478,"skY":-148.2623},"type":"image","path":"parts/armUpperL"}]}]}],"aabb":{"x":-27.929089917473696,"height":92.29036181184799,"y":-51.67767416805064,"width":82.77366899792086},"slot":[{"name":"tailTip","color":{},"parent":"tailTip"},{"name":"armUpperL","color":{},"z":1,"parent":"armUpperL"},{"name":"armL","color":{},"z":2,"parent":"armL"},{"name":"handL","color":{},"z":3,"parent":"handL"},{"name":"legL","color":{},"z":4,"parent":"legL"},{"name":"body","color":{},"z":5,"parent":"body"},{"name":"tail","color":{},"z":6,"parent":"tail"},{"name":"clothes","color":{},"z":7,"parent":"clothes"},{"name":"hair","color":{},"z":8,"parent":"hair"},{"name":"head","color":{},"z":9,"parent":"head"},{"name":"eyeL","color":{},"z":10,"parent":"eyeL"},{"name":"eyeR","color":{},"z":11,"parent":"eyeR"},{"name":"legR","color":{},"z":12,"parent":"legR"},{"name":"armUpperR","color":{},"z":13,"parent":"armUpperR"},{"name":"armR","color":{},"z":14,"parent":"armR"},{"name":"handR","color":{},"z":15,"parent":"handR"},{"name":"beardL","color":{},"z":16,"parent":"beardL"},{"name":"beardR","color":{},"z":17,"parent":"beardR"}],"animation":[{"name":"stand","frame":[],"ik":[],"duration":30,"slot":[{"name":"armUpperL","displayFrame":[{"duration":30},{"duration":0}],"colorFrame":[{"tweenEasing":0,"duration":30},{"duration":0}]},{"name":"handL","displayFrame":[{"duration":30},{"duration":0}],"colorFrame":[{"tweenEasing":0,"duration":30},{"duration":0}]},{"name":"legL","displayFrame":[{"duration":30},{"duration":0}],"colorFrame":[{"tweenEasing":0,"duration":30},{"duration":0}]},{"name":"body","displayFrame":[{"duration":8},{"duration":12},{"duration":8},{"duration":2},{"duration":0}],"colorFrame":[{"tweenEasing":0,"duration":8},{"tweenEasing":0,"duration":12},{"tweenEasing":0,"duration":8},{"duration":2},{"duration":0}]},{"name":"clothes","displayFrame":[{"duration":12},{"duration":17},{"duration":1},{"duration":0}],"colorFrame":[{"tweenEasing":0,"duration":12},{"tweenEasing":0,"duration":17},{"duration":1},{"duration":0}]},{"name":"hair","displayFrame":[{"duration":12},{"duration":8},{"duration":8},{"duration":2},{"duration":0}],"colorFrame":[{"tweenEasing":0,"duration":12},{"tweenEasing":0,"duration":8},{"tweenEasing":0,"duration":8},{"duration":2},{"duration":0}]},{"name":"head","displayFrame":[{"duration":30},{"duration":0}],"colorFrame":[{"tweenEasing":0,"duration":30},{"duration":0}]},{"name":"eyeL","displayFrame":[{"duration":8},{"duration":12},{"duration":8},{"duration":2},{"duration":0}],"colorFrame":[{"tweenEasing":0,"duration":8},{"tweenEasing":0,"duration":12},{"tweenEasing":0,"duration":8},{"duration":2},{"duration":0}]},{"name":"legR","displayFrame":[{"duration":30},{"duration":0}],"colorFrame":[{"tweenEasing":0,"duration":30},{"duration":0}]},{"name":"armUpperR","displayFrame":[{"duration":30},{"duration":0}],"colorFrame":[{"tweenEasing":0,"duration":30},{"duration":0}]},{"name":"armR","displayFrame":[{"duration":30},{"duration":0}],"colorFrame":[{"tweenEasing":0,"duration":30},{"duration":0}]},{"name":"handR","displayFrame":[{"duration":30},{"duration":0}],"colorFrame":[{"tweenEasing":0,"duration":30},{"duration":0}]},{"name":"beardL","displayFrame":[{"duration":7},{"duration":8},{"duration":12},{"duration":1},{"duration":2},{"duration":0}],"colorFrame":[{"tweenEasing":0,"duration":7},{"tweenEasing":0,"duration":8},{"tweenEasing":0,"duration":12},{"tweenEasing":0,"duration":1},{"duration":2},{"duration":0}]},{"name":"beardR","displayFrame":[{"duration":7},{"duration":8},{"duration":12},{"duration":1},{"duration":2},{"duration":0}],"colorFrame":[{"tweenEasing":0,"duration":7},{"tweenEasing":0,"duration":8},{"tweenEasing":0,"duration":12},{"tweenEasing":0,"duration":1},{"duration":2},{"duration":0}]},{"name":"tailTip","displayFrame":[],"colorFrame":[]},{"name":"armL","displayFrame":[],"colorFrame":[]},{"name":"tail","displayFrame":[],"colorFrame":[]},{"name":"eyeR","displayFrame":[],"colorFrame":[]}],"bone":[{"name":"root","rotateFrame":[{"duration":30}],"translateFrame":[{"duration":30}],"scaleFrame":[{"duration":30}]},{"name":"body","rotateFrame":[{"tweenEasing":0,"duration":30},{"duration":0}],"translateFrame":[{"duration":30,"tweenEasing":0},{"duration":0}],"scaleFrame":[{"duration":30,"tweenEasing":0},{"duration":0}]},{"name":"legR","rotateFrame":[{"tweenEasing":0,"duration":30},{"duration":0}],"translateFrame":[{"duration":30,"tweenEasing":0},{"duration":0}],"scaleFrame":[{"duration":30,"tweenEasing":0},{"duration":0}]},{"name":"armUpperR","rotateFrame":[{"tweenEasing":0,"duration":30},{"duration":0}],"translateFrame":[{"duration":30,"tweenEasing":0},{"duration":0}],"scaleFrame":[{"duration":30,"tweenEasing":0},{"duration":0}]},{"name":"legL","rotateFrame":[{"tweenEasing":0,"duration":30},{"duration":0}],"translateFrame":[{"duration":30,"tweenEasing":0},{"duration":0}],"scaleFrame":[{"duration":30,"tweenEasing":0},{"duration":0}]},{"name":"head","rotateFrame":[{"tweenEasing":0,"duration":30},{"duration":0}],"translateFrame":[{"duration":30,"tweenEasing":0},{"duration":0}],"scaleFrame":[{"duration":30,"tweenEasing":0},{"duration":0}]},{"name":"armUpperL","rotateFrame":[{"tweenEasing":0,"duration":30},{"duration":0}],"translateFrame":[{"duration":30,"tweenEasing":0},{"duration":0}],"scaleFrame":[{"duration":30,"tweenEasing":0},{"duration":0}]},{"name":"tail","rotateFrame":[{"tweenEasing":0,"duration":8},{"tweenEasing":0,"rotate":4.95,"duration":22},{"duration":0}],"translateFrame":[{"duration":8,"tweenEasing":0},{"duration":22,"x":-0.48,"tweenEasing":0},{"duration":0}],"scaleFrame":[{"duration":8,"tweenEasing":0},{"duration":22,"tweenEasing":0},{"duration":0}]},{"name":"clothes","rotateFrame":[{"tweenEasing":0,"duration":12},{"tweenEasing":0,"duration":18},{"duration":0}],"translateFrame":[{"duration":12,"tweenEasing":0},{"duration":18,"x":-0.24,"tweenEasing":0,"y":-0.24},{"duration":0}],"scaleFrame":[{"duration":12,"tweenEasing":0},{"duration":18,"tweenEasing":0},{"duration":0}]},{"name":"armL","rotateFrame":[{"tweenEasing":0,"duration":30},{"duration":0}],"translateFrame":[{"duration":30,"tweenEasing":0},{"duration":0}],"scaleFrame":[{"duration":30,"tweenEasing":0},{"duration":0}]},{"name":"eyeR","rotateFrame":[{"tweenEasing":0,"duration":8},{"tweenEasing":0,"duration":22},{"duration":0}],"translateFrame":[{"duration":8,"tweenEasing":0},{"duration":22,"tweenEasing":0,"y":-0.24},{"duration":0}],"scaleFrame":[{"duration":8,"tweenEasing":0},{"duration":22,"tweenEasing":0},{"duration":0}]},{"name":"tailTip","rotateFrame":[{"tweenEasing":0,"duration":8},{"tweenEasing":0,"rotate":-12.64,"duration":22},{"duration":0}],"translateFrame":[{"duration":8,"tweenEasing":0},{"duration":22,"x":0.6162,"tweenEasing":0,"y":-0.9669},{"duration":0}],"scaleFrame":[{"duration":8,"tweenEasing":0},{"duration":22,"tweenEasing":0},{"duration":0}]},{"name":"eyeL","rotateFrame":[{"tweenEasing":0,"duration":8},{"tweenEasing":0,"duration":22},{"duration":0}],"translateFrame":[{"duration":8,"tweenEasing":0},{"duration":22,"tweenEasing":0,"y":-0.24},{"duration":0}],"scaleFrame":[{"duration":8,"tweenEasing":0},{"duration":22,"tweenEasing":0},{"duration":0}]},{"name":"beardL","rotateFrame":[{"tweenEasing":0,"rotate":9.6205,"duration":15},{"tweenEasing":0,"rotate":-1.4848,"duration":15},{"rotate":9.6205,"duration":0}],"translateFrame":[{"duration":15,"tweenEasing":0},{"duration":15,"tweenEasing":0},{"duration":0}],"scaleFrame":[{"duration":15,"tweenEasing":0},{"duration":15,"tweenEasing":0},{"duration":0}]},{"name":"armR","rotateFrame":[{"tweenEasing":0,"duration":30},{"duration":0}],"translateFrame":[{"duration":30,"tweenEasing":0},{"duration":0}],"scaleFrame":[{"duration":30,"tweenEasing":0},{"duration":0}]},{"name":"beardR","rotateFrame":[{"tweenEasing":0,"duration":15},{"tweenEasing":0,"rotate":5.44,"duration":15},{"duration":0}],"translateFrame":[{"duration":15,"tweenEasing":0},{"duration":15,"tweenEasing":0},{"duration":0}],"scaleFrame":[{"duration":15,"tweenEasing":0},{"duration":15,"tweenEasing":0},{"duration":0}]},{"name":"hair","rotateFrame":[{"tweenEasing":0,"duration":12},{"tweenEasing":0,"duration":18},{"duration":0}],"translateFrame":[{"duration":12,"tweenEasing":0},{"duration":18,"x":0.24,"tweenEasing":0,"y":-0.48},{"duration":0}],"scaleFrame":[{"duration":12,"tweenEasing":0},{"duration":18,"tweenEasing":0},{"duration":0}]},{"name":"handR","rotateFrame":[{"tweenEasing":0,"duration":30},{"duration":0}],"translateFrame":[{"duration":30,"tweenEasing":0},{"duration":0}],"scaleFrame":[{"duration":30,"tweenEasing":0},{"duration":0}]},{"name":"handL","rotateFrame":[{"tweenEasing":0,"duration":30},{"duration":0}],"translateFrame":[{"duration":30,"tweenEasing":0},{"duration":0}],"scaleFrame":[{"duration":30,"tweenEasing":0},{"duration":0}]}],"playTimes":0,"ffd":[]},{"name":"walk","frame":[],"ik":[],"duration":20,"slot":[{"name":"tailTip","displayFrame":[{"duration":10},{"duration":10},{"duration":0}],"colorFrame":[{"tweenEasing":0,"duration":10},{"tweenEasing":0,"duration":10},{"duration":0}]},{"name":"armUpperL","displayFrame":[{"duration":10},{"duration":10},{"duration":0}],"colorFrame":[{"tweenEasing":0,"duration":10},{"tweenEasing":0,"duration":10},{"duration":0}]},{"name":"armL","displayFrame":[{"duration":10},{"duration":10},{"duration":0}],"colorFrame":[{"tweenEasing":0,"duration":10},{"tweenEasing":0,"duration":10},{"duration":0}]},{"name":"handL","displayFrame":[{"duration":10},{"duration":10},{"duration":0}],"colorFrame":[{"tweenEasing":0,"duration":10},{"tweenEasing":0,"duration":10},{"duration":0}]},{"name":"legL","displayFrame":[{"duration":10},{"duration":10},{"duration":0}],"colorFrame":[{"tweenEasing":0,"duration":10},{"tweenEasing":0,"duration":10},{"duration":0}]},{"name":"body","displayFrame":[{"duration":10},{"duration":10},{"duration":0}],"colorFrame":[{"tweenEasing":0,"duration":10},{"tweenEasing":0,"duration":10},{"duration":0}]},{"name":"tail","displayFrame":[{"duration":10},{"duration":10},{"duration":0}],"colorFrame":[{"tweenEasing":0,"duration":10},{"tweenEasing":0,"duration":10},{"duration":0}]},{"name":"clothes","displayFrame":[{"duration":5},{"duration":5},{"duration":5},{"duration":5},{"duration":0}],"colorFrame":[{"tweenEasing":0,"duration":5},{"tweenEasing":0,"duration":5},{"tweenEasing":0,"duration":5},{"tweenEasing":0,"duration":5},{"duration":0}]},{"name":"hair","displayFrame":[{"duration":10},{"duration":10},{"duration":0}],"colorFrame":[{"tweenEasing":0,"duration":10},{"tweenEasing":0,"duration":10},{"duration":0}]},{"name":"head","displayFrame":[{"duration":10},{"duration":10},{"duration":0}],"colorFrame":[{"tweenEasing":0,"duration":10},{"tweenEasing":0,"duration":10},{"duration":0}]},{"name":"eyeL","displayFrame":[{"duration":10},{"duration":10},{"duration":0}],"colorFrame":[{"tweenEasing":0,"duration":10},{"tweenEasing":0,"duration":10},{"duration":0}]},{"name":"eyeR","displayFrame":[{"duration":10},{"duration":10},{"duration":0}],"colorFrame":[{"tweenEasing":0,"duration":10},{"tweenEasing":0,"duration":10},{"duration":0}]},{"name":"legR","displayFrame":[{"duration":10},{"duration":10},{"duration":0}],"colorFrame":[{"tweenEasing":0,"duration":10},{"tweenEasing":0,"duration":10},{"duration":0}]},{"name":"armUpperR","displayFrame":[{"duration":10},{"duration":10},{"duration":0}],"colorFrame":[{"tweenEasing":0,"duration":10},{"tweenEasing":0,"duration":10},{"duration":0}]},{"name":"armR","displayFrame":[{"duration":10},{"duration":10},{"duration":0}],"colorFrame":[{"tweenEasing":0,"duration":10},{"tweenEasing":0,"duration":10},{"duration":0}]},{"name":"handR","displayFrame":[{"duration":10},{"duration":10},{"duration":0}],"colorFrame":[{"tweenEasing":0,"duration":10},{"tweenEasing":0,"duration":10},{"duration":0}]},{"name":"beardL","displayFrame":[{"duration":10},{"duration":10},{"duration":0}],"colorFrame":[{"tweenEasing":0,"duration":10},{"tweenEasing":0,"duration":10},{"duration":0}]},{"name":"beardR","displayFrame":[{"duration":10},{"duration":10},{"duration":0}],"colorFrame":[{"tweenEasing":0,"duration":10},{"tweenEasing":0,"duration":10},{"duration":0}]}],"bone":[{"name":"root","rotateFrame":[{"duration":20},{"duration":0}],"translateFrame":[{"duration":20},{"duration":0}],"scaleFrame":[{"duration":20},{"duration":0}]},{"name":"body","rotateFrame":[{"tweenEasing":0,"duration":10},{"tweenEasing":0,"duration":10},{"duration":0}],"translateFrame":[{"duration":10,"tweenEasing":0,"y":-0.48},{"duration":10,"tweenEasing":0,"y":-0.24},{"duration":0,"y":-0.48}],"scaleFrame":[{"duration":10,"tweenEasing":0},{"duration":10,"tweenEasing":0},{"duration":0}]},{"name":"legR","rotateFrame":[{"tweenEasing":0,"rotate":-30,"duration":10},{"tweenEasing":0,"rotate":30,"duration":10},{"rotate":-30,"duration":0}],"translateFrame":[{"duration":10,"x":-0.72,"tweenEasing":0,"y":-1.68},{"duration":10,"x":-0.468,"tweenEasing":0,"y":-0.24},{"duration":0,"x":-0.72,"y":-1.68}],"scaleFrame":[{"duration":10,"tweenEasing":0},{"duration":10,"tweenEasing":0},{"duration":0}]},{"name":"armUpperR","rotateFrame":[{"tweenEasing":0,"rotate":45.5,"duration":10},{"tweenEasing":0,"rotate":-22.15,"duration":10},{"rotate":45.5,"duration":0}],"translateFrame":[{"duration":10,"x":-0.72,"tweenEasing":0,"y":1.68},{"duration":10,"tweenEasing":0,"y":0.24},{"duration":0,"x":-0.72,"y":1.68}],"scaleFrame":[{"duration":10,"tweenEasing":0},{"duration":10,"tweenEasing":0},{"duration":0}]},{"name":"legL","rotateFrame":[{"tweenEasing":0,"rotate":49.67,"duration":10},{"tweenEasing":0,"rotate":-19.23,"duration":10},{"rotate":49.67,"duration":0}],"translateFrame":[{"duration":10,"x":-4.8413,"tweenEasing":0,"y":3.4081},{"duration":10,"x":-2.7025,"tweenEasing":0,"y":-1.0713},{"duration":0,"x":-4.8413,"y":3.4081}],"scaleFrame":[{"duration":10,"tweenEasing":0},{"duration":10,"tweenEasing":0},{"duration":0}]},{"name":"head","rotateFrame":[{"tweenEasing":0,"duration":10},{"tweenEasing":0,"rotate":2.95,"duration":10},{"duration":0}],"translateFrame":[{"duration":10,"tweenEasing":0,"y":0.48},{"duration":10,"tweenEasing":0,"y":0.24},{"duration":0,"y":0.48}],"scaleFrame":[{"duration":10,"tweenEasing":0},{"duration":10,"tweenEasing":0},{"duration":0}]},{"name":"armUpperL","rotateFrame":[{"tweenEasing":0,"rotate":-21.2,"duration":10},{"tweenEasing":0,"rotate":30,"duration":10},{"rotate":-21.2,"duration":0}],"translateFrame":[{"duration":10,"tweenEasing":0,"y":0.48},{"duration":10,"tweenEasing":0,"y":0.24},{"duration":0,"y":0.48}],"scaleFrame":[{"duration":10,"tweenEasing":0},{"duration":10,"tweenEasing":0},{"duration":0}]},{"name":"tail","rotateFrame":[{"tweenEasing":0,"duration":10},{"tweenEasing":0,"rotate":-8.7,"duration":10},{"duration":0}],"translateFrame":[{"duration":10,"x":-0.96,"tweenEasing":0},{"duration":10,"x":-1.44,"tweenEasing":0,"y":-0.72},{"duration":0,"x":-0.96}],"scaleFrame":[{"duration":10,"tweenEasing":0},{"duration":10,"tweenEasing":0},{"duration":0}]},{"name":"clothes","rotateFrame":[{"tweenEasing":0,"duration":5},{"tweenEasing":0,"duration":5},{"tweenEasing":0,"duration":5},{"tweenEasing":0,"duration":5},{"duration":0}],"translateFrame":[{"duration":5,"tweenEasing":0},{"duration":5,"x":-0.24,"tweenEasing":0,"y":-0.24},{"duration":5,"tweenEasing":0},{"duration":5,"x":-0.24,"tweenEasing":0,"y":-0.24},{"duration":0}],"scaleFrame":[{"duration":5,"tweenEasing":0},{"duration":5,"tweenEasing":0},{"duration":5,"tweenEasing":0},{"duration":5,"tweenEasing":0},{"duration":0}]},{"name":"armL","rotateFrame":[{"tweenEasing":0,"rotate":-38.8,"duration":10},{"tweenEasing":0,"rotate":38.55,"duration":10},{"rotate":-38.8,"duration":0}],"translateFrame":[{"duration":10,"x":-1.5646,"tweenEasing":0,"y":-0.2641},{"duration":10,"x":0.4685,"tweenEasing":0,"y":-0.7014},{"duration":0,"x":-1.5646,"y":-0.2641}],"scaleFrame":[{"duration":10,"tweenEasing":0},{"duration":10,"tweenEasing":0},{"duration":0}]},{"name":"eyeR","rotateFrame":[{"tweenEasing":0,"duration":10},{"tweenEasing":0,"rotate":-2.95,"duration":10},{"duration":0}],"translateFrame":[{"duration":10,"x":0.204,"tweenEasing":0,"y":0.06},{"duration":10,"x":-0.4936,"tweenEasing":0,"y":-0.0333},{"duration":0,"x":0.204,"y":0.06}],"scaleFrame":[{"duration":10,"tweenEasing":0},{"duration":10,"tweenEasing":0},{"duration":0}]},{"name":"tailTip","rotateFrame":[{"tweenEasing":0,"duration":10},{"tweenEasing":0,"rotate":17.93,"duration":10},{"duration":0}],"translateFrame":[{"duration":10,"x":1.0714,"tweenEasing":0,"y":-0.0643},{"duration":10,"x":-0.3596,"tweenEasing":0,"y":1.2091},{"duration":0,"x":1.0714,"y":-0.0643}],"scaleFrame":[{"duration":10,"tweenEasing":0},{"duration":10,"tweenEasing":0},{"duration":0}]},{"name":"eyeL","rotateFrame":[{"tweenEasing":0,"duration":10},{"tweenEasing":0,"rotate":-2.95,"duration":10},{"duration":0}],"translateFrame":[{"duration":10,"tweenEasing":0},{"duration":10,"x":-0.906,"tweenEasing":0,"y":0.5029},{"duration":0}],"scaleFrame":[{"duration":10,"tweenEasing":0},{"duration":10,"tweenEasing":0},{"duration":0}]},{"name":"beardL","rotateFrame":[{"tweenEasing":0,"duration":10},{"tweenEasing":0,"rotate":6.04,"duration":10},{"duration":0}],"translateFrame":[{"duration":10,"tweenEasing":0},{"duration":10,"x":-0.4222,"tweenEasing":0,"y":-0.6621},{"duration":0}],"scaleFrame":[{"duration":10,"tweenEasing":0},{"duration":10,"tweenEasing":0},{"duration":0}]},{"name":"armR","rotateFrame":[{"tweenEasing":0,"rotate":21.72,"duration":5},{"tweenEasing":0,"rotate":31.7897,"duration":5},{"tweenEasing":0,"rotate":-15.63,"duration":5},{"tweenEasing":0,"rotate":-19.6672,"duration":5},{"rotate":21.72,"duration":0}],"translateFrame":[{"duration":5,"x":-0.3089,"tweenEasing":0,"y":1.1947},{"duration":5,"x":-0.3279,"tweenEasing":0,"y":0.5999},{"duration":5,"x":-0.3469,"tweenEasing":0,"y":0.0051},{"duration":5,"x":-0.027,"tweenEasing":0,"y":-0.6733},{"duration":0,"x":-0.3089,"y":1.1947}],"scaleFrame":[{"duration":5,"tweenEasing":0},{"duration":5,"tweenEasing":0},{"duration":5,"tweenEasing":0},{"duration":5,"tweenEasing":0},{"duration":0}]},{"name":"beardR","rotateFrame":[{"tweenEasing":0,"duration":10},{"tweenEasing":0,"rotate":-10.45,"duration":10},{"duration":0}],"translateFrame":[{"duration":10,"tweenEasing":0},{"duration":10,"x":-0.1735,"tweenEasing":0,"y":0.1991},{"duration":0}],"scaleFrame":[{"duration":10,"tweenEasing":0},{"duration":10,"tweenEasing":0},{"duration":0}]},{"name":"hair","rotateFrame":[{"tweenEasing":0,"duration":10},{"tweenEasing":0,"rotate":-2.95,"duration":10},{"duration":0}],"translateFrame":[{"duration":10,"tweenEasing":0},{"duration":10,"x":0.1355,"tweenEasing":0,"y":-0.8609},{"duration":0}],"scaleFrame":[{"duration":10,"tweenEasing":0},{"duration":10,"tweenEasing":0},{"duration":0}]},{"name":"handR","rotateFrame":[{"tweenEasing":0,"rotate":-45.48,"duration":10},{"tweenEasing":0,"rotate":-0.48,"duration":10},{"rotate":-45.48,"duration":0}],"translateFrame":[{"duration":10,"x":-1.9519,"tweenEasing":0,"y":0.2429},{"duration":10,"x":0.1796,"tweenEasing":0,"y":0.26},{"duration":0,"x":-1.9519,"y":0.2429}],"scaleFrame":[{"duration":10,"tweenEasing":0},{"duration":10,"tweenEasing":0},{"duration":0}]},{"name":"handL","rotateFrame":[{"tweenEasing":0,"rotate":15,"duration":10},{"tweenEasing":0,"rotate":6.45,"duration":10},{"rotate":15,"duration":0}],"translateFrame":[{"duration":10,"x":-0.1999,"tweenEasing":0,"y":0.1083},{"duration":10,"x":-0.3331,"tweenEasing":0,"y":0.4079},{"duration":0,"x":-0.1999,"y":0.1083}],"scaleFrame":[{"duration":10,"tweenEasing":0},{"duration":10,"tweenEasing":0},{"duration":0}]}],"playTimes":0,"ffd":[]},{"name":"jump","frame":[],"ik":[],"duration":5,"slot":[{"name":"tailTip","displayFrame":[{"duration":2},{"duration":3},{"duration":0}],"colorFrame":[{"tweenEasing":0,"duration":2},{"tweenEasing":0,"duration":3},{"duration":0}]},{"name":"armUpperL","displayFrame":[{"duration":2},{"duration":3},{"duration":0}],"colorFrame":[{"tweenEasing":0,"duration":2},{"tweenEasing":0,"duration":3},{"duration":0}]},{"name":"armL","displayFrame":[{"duration":5},{"duration":0}],"colorFrame":[{"tweenEasing":0,"duration":5},{"duration":0}]},{"name":"handL","displayFrame":[{"duration":5},{"duration":0}],"colorFrame":[{"tweenEasing":0,"duration":5},{"duration":0}]},{"name":"legL","displayFrame":[{"duration":2},{"duration":3},{"duration":0}],"colorFrame":[{"tweenEasing":0,"duration":2},{"tweenEasing":0,"duration":3},{"duration":0}]},{"name":"body","displayFrame":[{"duration":5},{"duration":0}],"colorFrame":[{"tweenEasing":0,"duration":5},{"duration":0}]},{"name":"tail","displayFrame":[{"duration":2},{"duration":3},{"duration":0}],"colorFrame":[{"tweenEasing":0,"duration":2},{"tweenEasing":0,"duration":3},{"duration":0}]},{"name":"clothes","displayFrame":[{"duration":2},{"duration":3},{"duration":0}],"colorFrame":[{"tweenEasing":0,"duration":2},{"tweenEasing":0,"duration":3},{"duration":0}]},{"name":"hair","displayFrame":[{"duration":2},{"duration":3},{"duration":0}],"colorFrame":[{"tweenEasing":0,"duration":2},{"tweenEasing":0,"duration":3},{"duration":0}]},{"name":"head","displayFrame":[{"duration":5},{"duration":0}],"colorFrame":[{"tweenEasing":0,"duration":5},{"duration":0}]},{"name":"eyeL","displayFrame":[{"duration":2},{"duration":3},{"duration":0}],"colorFrame":[{"tweenEasing":0,"duration":2},{"tweenEasing":0,"duration":3},{"duration":0}]},{"name":"eyeR","displayFrame":[{"duration":2},{"duration":3},{"duration":0}],"colorFrame":[{"tweenEasing":0,"duration":2},{"tweenEasing":0,"duration":3},{"duration":0}]},{"name":"legR","displayFrame":[{"duration":2},{"duration":3},{"duration":0}],"colorFrame":[{"tweenEasing":0,"duration":2},{"tweenEasing":0,"duration":3},{"duration":0}]},{"name":"armUpperR","displayFrame":[{"duration":2},{"duration":3},{"duration":0}],"colorFrame":[{"tweenEasing":0,"duration":2},{"tweenEasing":0,"duration":3},{"duration":0}]},{"name":"armR","displayFrame":[{"duration":5},{"duration":0}],"colorFrame":[{"tweenEasing":0,"duration":5},{"duration":0}]},{"name":"handR","displayFrame":[{"duration":5},{"duration":0}],"colorFrame":[{"tweenEasing":0,"duration":5},{"duration":0}]},{"name":"beardL","displayFrame":[{"duration":2},{"duration":3},{"duration":0}],"colorFrame":[{"tweenEasing":0,"duration":2},{"tweenEasing":0,"duration":3},{"duration":0}]},{"name":"beardR","displayFrame":[{"duration":2},{"duration":3},{"duration":0}],"colorFrame":[{"tweenEasing":0,"duration":2},{"tweenEasing":0,"duration":3},{"duration":0}]}],"bone":[{"name":"root","rotateFrame":[{"duration":5}],"translateFrame":[{"duration":5}],"scaleFrame":[{"duration":5}]},{"name":"body","rotateFrame":[{"tweenEasing":0,"duration":5},{"duration":0}],"translateFrame":[{"duration":5,"tweenEasing":0,"y":-7.92},{"duration":0,"y":-7.92}],"scaleFrame":[{"duration":5,"tweenEasing":0},{"duration":0}]},{"name":"legR","rotateFrame":[{"tweenEasing":0,"rotate":-27.69,"duration":2},{"tweenEasing":0,"rotate":-27.69,"duration":3},{"rotate":-27.69,"duration":0}],"translateFrame":[{"duration":2,"x":0.1411,"tweenEasing":0,"y":0.1239},{"duration":3,"x":-0.3746,"tweenEasing":0,"y":0.0791},{"duration":0,"x":0.1411,"y":0.1239}],"scaleFrame":[{"duration":2,"tweenEasing":0},{"duration":3,"tweenEasing":0},{"duration":0}]},{"name":"armUpperR","rotateFrame":[{"tweenEasing":0,"rotate":-24.65,"duration":2},{"tweenEasing":0,"rotate":-23.1904,"duration":3},{"rotate":-24.65,"duration":0}],"translateFrame":[{"duration":2,"tweenEasing":0,"y":1.2},{"duration":3,"x":-0.3438,"tweenEasing":0,"y":1.1701},{"duration":0,"y":1.2}],"scaleFrame":[{"duration":2,"tweenEasing":0},{"duration":3,"tweenEasing":0},{"duration":0}]},{"name":"legL","rotateFrame":[{"tweenEasing":0,"rotate":-15.2954,"duration":2},{"tweenEasing":0,"rotate":-15.2954,"duration":3},{"rotate":-15.2954,"duration":0}],"translateFrame":[{"duration":2,"x":-2.4744,"tweenEasing":0,"y":4.5945},{"duration":3,"x":-3.1621,"tweenEasing":0,"y":4.5347},{"duration":0,"x":-2.4744,"y":4.5945}],"scaleFrame":[{"duration":2,"tweenEasing":0},{"duration":3,"tweenEasing":0},{"duration":0}]},{"name":"head","rotateFrame":[{"tweenEasing":0,"rotate":10,"duration":5},{"rotate":10,"duration":0}],"translateFrame":[{"duration":5,"x":0.432,"tweenEasing":0,"y":0.228},{"duration":0,"x":0.432,"y":0.228}],"scaleFrame":[{"duration":5,"tweenEasing":0},{"duration":0}]},{"name":"armUpperL","rotateFrame":[{"tweenEasing":0,"rotate":15,"duration":2},{"tweenEasing":0,"rotate":15,"duration":3},{"rotate":15,"duration":0}],"translateFrame":[{"duration":2,"tweenEasing":0,"y":0.48},{"duration":3,"x":-0.5157,"tweenEasing":0,"y":0.4352},{"duration":0,"y":0.48}],"scaleFrame":[{"duration":2,"tweenEasing":0},{"duration":3,"tweenEasing":0},{"duration":0}]},{"name":"tail","rotateFrame":[{"tweenEasing":0,"rotate":9.3457,"duration":2},{"tweenEasing":0,"rotate":13.7283,"duration":3},{"rotate":9.3457,"duration":0}],"translateFrame":[{"duration":2,"x":-2.88,"tweenEasing":0,"y":-1.2},{"duration":3,"x":-2.88,"tweenEasing":0,"y":-1.2},{"duration":0,"x":-2.88,"y":-1.2}],"scaleFrame":[{"duration":2,"tweenEasing":0},{"duration":3,"tweenEasing":0},{"duration":0}]},{"name":"clothes","rotateFrame":[{"tweenEasing":0,"duration":2},{"tweenEasing":0,"duration":3},{"duration":0}],"translateFrame":[{"duration":2,"x":-0.5722,"tweenEasing":0,"y":-0.5413},{"duration":3,"x":-1.0879,"tweenEasing":0,"y":-0.5861},{"duration":0,"x":-0.5722,"y":-0.5413}],"scaleFrame":[{"duration":2,"tweenEasing":0},{"duration":3,"tweenEasing":0},{"duration":0}]},{"name":"armL","rotateFrame":[{"tweenEasing":0,"rotate":8.55,"duration":5},{"rotate":8.55,"duration":0}],"translateFrame":[{"duration":5,"x":-0.0717,"tweenEasing":0,"y":0.3063},{"duration":0,"x":-0.0717,"y":0.3063}],"scaleFrame":[{"duration":5,"tweenEasing":0},{"duration":0}]},{"name":"eyeR","rotateFrame":[{"tweenEasing":0,"rotate":-10,"duration":2},{"tweenEasing":0,"rotate":-10,"duration":3},{"rotate":-10,"duration":0}],"translateFrame":[{"duration":2,"x":1.0658,"tweenEasing":0,"y":-1.0443},{"duration":3,"x":0.9745,"tweenEasing":0,"y":-1.087},{"duration":0,"x":1.0816,"y":-0.9271}],"scaleFrame":[{"duration":2,"tweenEasing":0},{"duration":3,"tweenEasing":0},{"duration":0}]},{"name":"tailTip","rotateFrame":[{"tweenEasing":0,"rotate":2.89,"duration":2},{"tweenEasing":0,"rotate":8.91,"duration":3},{"rotate":2.89,"duration":0}],"translateFrame":[{"duration":2,"x":0.2604,"tweenEasing":0,"y":0.756},{"duration":3,"x":0.0765,"tweenEasing":0,"y":-0.1075},{"duration":0,"x":0.2604,"y":0.756}],"scaleFrame":[{"duration":2,"tweenEasing":0},{"duration":3,"tweenEasing":0},{"duration":0}]},{"name":"eyeL","rotateFrame":[{"tweenEasing":0,"rotate":-10,"duration":2},{"tweenEasing":0,"rotate":-10,"duration":3},{"rotate":-10,"duration":0}],"translateFrame":[{"duration":2,"x":1.0727,"tweenEasing":0,"y":-0.7562},{"duration":3,"x":0.9745,"tweenEasing":0,"y":-1.087},{"duration":0,"x":1.0727,"y":-0.7562}],"scaleFrame":[{"duration":2,"tweenEasing":0},{"duration":3,"tweenEasing":0},{"duration":0}]},{"name":"beardL","rotateFrame":[{"tweenEasing":0,"rotate":-50.29,"duration":2},{"tweenEasing":0,"rotate":-58.5649,"duration":3},{"rotate":-50.29,"duration":0}],"translateFrame":[{"duration":2,"x":-2.3733,"tweenEasing":0,"y":2.3072},{"duration":3,"x":-2.3733,"tweenEasing":0,"y":2.3072},{"duration":0,"x":-2.3733,"y":2.3072}],"scaleFrame":[{"duration":2,"tweenEasing":0},{"duration":3,"tweenEasing":0},{"duration":0}]},{"name":"armR","rotateFrame":[{"tweenEasing":0,"rotate":-13.13,"duration":5},{"rotate":-13.13,"duration":0}],"translateFrame":[{"duration":5,"x":-0.9697,"tweenEasing":0,"y":0.1391},{"duration":0,"x":-0.9697,"y":0.1391}],"scaleFrame":[{"duration":5,"tweenEasing":0},{"duration":0}]},{"name":"beardR","rotateFrame":[{"tweenEasing":0,"rotate":42.5,"duration":2},{"tweenEasing":0,"rotate":50.23,"duration":3},{"rotate":42.5,"duration":0}],"translateFrame":[{"duration":2,"x":-0.9779,"tweenEasing":0,"y":0.8098},{"duration":3,"x":-0.964,"tweenEasing":0,"y":0.8195},{"duration":0,"x":-0.9779,"y":0.8098}],"scaleFrame":[{"duration":2,"tweenEasing":0},{"duration":3,"tweenEasing":0},{"duration":0}]},{"name":"hair","rotateFrame":[{"tweenEasing":0,"rotate":-10,"duration":2},{"tweenEasing":0,"rotate":-10,"duration":3},{"rotate":-10,"duration":0}],"translateFrame":[{"duration":2,"x":-0.0982,"tweenEasing":0,"y":-0.7252},{"duration":3,"x":0.4579,"tweenEasing":0,"y":-0.3359},{"duration":0,"x":-0.0982,"y":-0.7252}],"scaleFrame":[{"duration":2,"tweenEasing":0},{"duration":3,"tweenEasing":0},{"duration":0}]},{"name":"handR","rotateFrame":[{"tweenEasing":0,"rotate":-0.48,"duration":5},{"rotate":-0.48,"duration":0}],"translateFrame":[{"duration":5,"x":0.1796,"tweenEasing":0,"y":0.26},{"duration":0,"x":0.1796,"y":0.26}],"scaleFrame":[{"duration":5,"tweenEasing":0},{"duration":0}]},{"name":"handL","rotateFrame":[{"tweenEasing":0,"rotate":-8.55,"duration":5},{"rotate":-8.55,"duration":0}],"translateFrame":[{"duration":5,"x":-1.6931,"tweenEasing":0,"y":-0.4622},{"duration":0,"x":-1.6931,"y":-0.4622}],"scaleFrame":[{"duration":5,"tweenEasing":0},{"duration":0}]}],"playTimes":0,"ffd":[]},{"name":"fall","frame":[],"ik":[],"duration":5,"slot":[{"name":"tailTip","displayFrame":[{"duration":2},{"duration":3},{"duration":0}],"colorFrame":[{"tweenEasing":0,"duration":2},{"tweenEasing":0,"duration":3},{"duration":0}]},{"name":"armUpperL","displayFrame":[{"duration":2},{"duration":3},{"duration":0}],"colorFrame":[{"tweenEasing":0,"duration":2},{"tweenEasing":0,"duration":3},{"duration":0}]},{"name":"armL","displayFrame":[{"duration":5},{"duration":0}],"colorFrame":[{"tweenEasing":0,"duration":5},{"duration":0}]},{"name":"handL","displayFrame":[{"duration":5},{"duration":0}],"colorFrame":[{"tweenEasing":0,"duration":5},{"duration":0}]},{"name":"legL","displayFrame":[{"duration":2},{"duration":3},{"duration":0}],"colorFrame":[{"tweenEasing":0,"duration":2},{"tweenEasing":0,"duration":3},{"duration":0}]},{"name":"body","displayFrame":[{"duration":5},{"duration":0}],"colorFrame":[{"tweenEasing":0,"duration":5},{"duration":0}]},{"name":"tail","displayFrame":[{"duration":2},{"duration":3},{"duration":0}],"colorFrame":[{"tweenEasing":0,"duration":2},{"tweenEasing":0,"duration":3},{"duration":0}]},{"name":"clothes","displayFrame":[{"duration":2},{"duration":3},{"duration":0}],"colorFrame":[{"tweenEasing":0,"duration":2},{"tweenEasing":0,"duration":3},{"duration":0}]},{"name":"hair","displayFrame":[{"duration":2},{"duration":3},{"duration":0}],"colorFrame":[{"tweenEasing":0,"duration":2},{"tweenEasing":0,"duration":3},{"duration":0}]},{"name":"head","displayFrame":[{"duration":5},{"duration":0}],"colorFrame":[{"tweenEasing":0,"duration":5},{"duration":0}]},{"name":"eyeL","displayFrame":[{"duration":2},{"duration":3},{"duration":0}],"colorFrame":[{"tweenEasing":0,"duration":2},{"tweenEasing":0,"duration":3},{"duration":0}]},{"name":"eyeR","displayFrame":[{"duration":2},{"duration":3},{"duration":0}],"colorFrame":[{"tweenEasing":0,"duration":2},{"tweenEasing":0,"duration":3},{"duration":0}]},{"name":"legR","displayFrame":[{"duration":2},{"duration":3},{"duration":0}],"colorFrame":[{"tweenEasing":0,"duration":2},{"tweenEasing":0,"duration":3},{"duration":0}]},{"name":"armUpperR","displayFrame":[{"duration":2},{"duration":3},{"duration":0}],"colorFrame":[{"tweenEasing":0,"duration":2},{"tweenEasing":0,"duration":3},{"duration":0}]},{"name":"armR","displayFrame":[{"duration":5},{"duration":0}],"colorFrame":[{"tweenEasing":0,"duration":5},{"duration":0}]},{"name":"handR","displayFrame":[{"duration":5},{"duration":0}],"colorFrame":[{"tweenEasing":0,"duration":5},{"duration":0}]},{"name":"beardL","displayFrame":[{"duration":2},{"duration":3},{"duration":0}],"colorFrame":[{"tweenEasing":0,"duration":2},{"tweenEasing":0,"duration":3},{"duration":0}]},{"name":"beardR","displayFrame":[{"duration":2},{"duration":3},{"duration":0}],"colorFrame":[{"tweenEasing":0,"duration":2},{"tweenEasing":0,"duration":3},{"duration":0}]}],"bone":[{"name":"root","rotateFrame":[{"duration":5}],"translateFrame":[{"duration":5}],"scaleFrame":[{"duration":5}]},{"name":"body","rotateFrame":[{"tweenEasing":0,"duration":5},{"duration":0}],"translateFrame":[{"duration":5,"tweenEasing":0,"y":-7.92},{"duration":0,"y":-7.92}],"scaleFrame":[{"duration":5,"tweenEasing":0},{"duration":0}]},{"name":"legR","rotateFrame":[{"tweenEasing":0,"rotate":27.76,"duration":2},{"tweenEasing":0,"rotate":27.76,"duration":3},{"rotate":27.76,"duration":0}],"translateFrame":[{"duration":2,"x":0.7416,"tweenEasing":0,"y":1.0757},{"duration":3,"x":0.2051,"tweenEasing":0,"y":1.0291},{"duration":0,"x":0.7416,"y":1.0757}],"scaleFrame":[{"duration":2,"tweenEasing":0},{"duration":3,"tweenEasing":0},{"duration":0}]},{"name":"armUpperR","rotateFrame":[{"tweenEasing":0,"rotate":-69.64,"duration":2},{"tweenEasing":0,"rotate":-66.683,"duration":3},{"rotate":-69.64,"duration":0}],"translateFrame":[{"duration":2,"tweenEasing":0,"y":1.2},{"duration":3,"x":-0.1788,"tweenEasing":0,"y":1.1845},{"duration":0,"y":1.2}],"scaleFrame":[{"duration":2,"tweenEasing":0},{"duration":3,"tweenEasing":0},{"duration":0}]},{"name":"legL","rotateFrame":[{"tweenEasing":0,"rotate":50.73,"duration":2},{"tweenEasing":0,"rotate":50.73,"duration":3},{"rotate":50.73,"duration":0}],"translateFrame":[{"duration":2,"x":2.712,"tweenEasing":0,"y":0.948},{"duration":3,"x":2.3544,"tweenEasing":0,"y":0.9169},{"duration":0,"x":2.712,"y":0.948}],"scaleFrame":[{"duration":2,"tweenEasing":0},{"duration":3,"tweenEasing":0},{"duration":0}]},{"name":"head","rotateFrame":[{"tweenEasing":0,"rotate":-8.73,"duration":5},{"rotate":-8.73,"duration":0}],"translateFrame":[{"duration":5,"x":1.32,"tweenEasing":0,"y":-0.408},{"duration":0,"x":1.32,"y":-0.408}],"scaleFrame":[{"duration":5,"tweenEasing":0},{"duration":0}]},{"name":"armUpperL","rotateFrame":[{"tweenEasing":0,"rotate":92.45,"duration":2},{"tweenEasing":0,"rotate":89.9735,"duration":3},{"rotate":92.45,"duration":0}],"translateFrame":[{"duration":2,"tweenEasing":0,"y":0.48},{"duration":3,"x":0.3576,"tweenEasing":0,"y":0.5111},{"duration":0,"y":0.48}],"scaleFrame":[{"duration":2,"tweenEasing":0},{"duration":3,"tweenEasing":0},{"duration":0}]},{"name":"tail","rotateFrame":[{"tweenEasing":0,"rotate":-18.47,"duration":2},{"tweenEasing":0,"rotate":-22.44,"duration":3},{"rotate":-18.47,"duration":0}],"translateFrame":[{"duration":2,"x":-0.468,"tweenEasing":0,"y":-0.732},{"duration":3,"x":-0.468,"tweenEasing":0,"y":-0.732},{"duration":0,"x":-0.468,"y":-0.732}],"scaleFrame":[{"duration":2,"tweenEasing":0},{"duration":3,"tweenEasing":0},{"duration":0}]},{"name":"clothes","rotateFrame":[{"tweenEasing":0,"duration":2},{"tweenEasing":0,"duration":3},{"duration":0}],"translateFrame":[{"duration":2,"x":-0.7208,"tweenEasing":0,"y":-0.5835},{"duration":3,"x":-0.1844,"tweenEasing":0,"y":-0.5368},{"duration":0,"x":-0.7208,"y":-0.5835}],"scaleFrame":[{"duration":2,"tweenEasing":0},{"duration":3,"tweenEasing":0},{"duration":0}]},{"name":"armL","rotateFrame":[{"tweenEasing":0,"rotate":-53.9,"duration":5},{"rotate":-53.9,"duration":0}],"translateFrame":[{"duration":5,"x":0.5219,"tweenEasing":0,"y":0.6977},{"duration":0,"x":0.5219,"y":0.6977}],"scaleFrame":[{"duration":5,"tweenEasing":0},{"duration":0}]},{"name":"eyeR","rotateFrame":[{"tweenEasing":0,"rotate":8.73,"duration":2},{"tweenEasing":0,"rotate":8.73,"duration":3},{"rotate":8.73,"duration":0}],"translateFrame":[{"duration":2,"x":-2.1313,"tweenEasing":0,"y":-0.5537},{"duration":3,"x":-1.7795,"tweenEasing":0,"y":-0.3606},{"duration":0,"x":-2.1313,"y":-0.5537}],"scaleFrame":[{"duration":2,"tweenEasing":0},{"duration":3,"tweenEasing":0},{"duration":0}]},{"name":"tailTip","rotateFrame":[{"tweenEasing":0,"rotate":0.14,"duration":2},{"tweenEasing":0,"rotate":-0.83,"duration":3},{"rotate":0.14,"duration":0}],"translateFrame":[{"duration":2,"x":0.3358,"tweenEasing":0,"y":-0.1387},{"duration":3,"x":0.218,"tweenEasing":0,"y":0.2146},{"duration":0,"x":0.3358,"y":-0.1387}],"scaleFrame":[{"duration":2,"tweenEasing":0},{"duration":3,"tweenEasing":0},{"duration":0}]},{"name":"eyeL","rotateFrame":[{"tweenEasing":0,"rotate":8.73,"duration":2},{"tweenEasing":0,"rotate":8.73,"duration":3},{"rotate":8.73,"duration":0}],"translateFrame":[{"duration":2,"x":-1.5602,"tweenEasing":0,"y":-0.9784},{"duration":3,"x":-1.5863,"tweenEasing":0,"y":-0.7124},{"duration":0,"x":-1.5602,"y":-0.9784}],"scaleFrame":[{"duration":2,"tweenEasing":0},{"duration":3,"tweenEasing":0},{"duration":0}]},{"name":"beardL","rotateFrame":[{"tweenEasing":0,"rotate":-2.54,"duration":2},{"tweenEasing":0,"rotate":25.1339,"duration":3},{"rotate":-2.54,"duration":0}],"translateFrame":[{"duration":2,"x":0.039,"tweenEasing":0,"y":0.9338},{"duration":3,"x":0.039,"tweenEasing":0,"y":0.9338},{"duration":0,"x":0.039,"y":0.9338}],"scaleFrame":[{"duration":2,"tweenEasing":0},{"duration":3,"tweenEasing":0},{"duration":0}]},{"name":"armR","rotateFrame":[{"tweenEasing":0,"rotate":-13.14,"duration":5},{"rotate":-13.14,"duration":0}],"translateFrame":[{"duration":5,"x":-1.3448,"tweenEasing":0,"y":-0.3836},{"duration":0,"x":-1.3448,"y":-0.3836}],"scaleFrame":[{"duration":5,"tweenEasing":0},{"duration":0}]},{"name":"beardR","rotateFrame":[{"tweenEasing":0,"rotate":8.96,"duration":2},{"tweenEasing":0,"rotate":-6.04,"duration":3},{"rotate":8.96,"duration":0}],"translateFrame":[{"duration":2,"x":-0.944,"tweenEasing":0,"y":0.6301},{"duration":3,"x":-0.944,"tweenEasing":0,"y":0.6301},{"duration":0,"x":-0.944,"y":0.6301}],"scaleFrame":[{"duration":2,"tweenEasing":0},{"duration":3,"tweenEasing":0},{"duration":0}]},{"name":"hair","rotateFrame":[{"tweenEasing":0,"rotate":-6.27,"duration":2},{"tweenEasing":0,"rotate":-7.09,"duration":3},{"rotate":-6.27,"duration":0}],"translateFrame":[{"duration":2,"x":0.0709,"tweenEasing":0,"y":0.8686},{"duration":3,"x":-0.7587,"tweenEasing":0,"y":0.0249},{"duration":0,"x":0.0709,"y":0.8686}],"scaleFrame":[{"duration":2,"tweenEasing":0},{"duration":3,"tweenEasing":0},{"duration":0}]},{"name":"handR","rotateFrame":[{"tweenEasing":0,"rotate":29.52,"duration":5},{"rotate":29.52,"duration":0}],"translateFrame":[{"duration":5,"x":-0.4726,"tweenEasing":0,"y":-0.1643},{"duration":0,"x":-0.4726,"y":-0.1643}],"scaleFrame":[{"duration":5,"tweenEasing":0},{"duration":0}]},{"name":"handL","rotateFrame":[{"tweenEasing":0,"rotate":21.45,"duration":5},{"rotate":21.45,"duration":0}],"translateFrame":[{"duration":5,"x":-0.4318,"tweenEasing":0,"y":0.1762},{"duration":0,"x":-0.4318,"y":0.1762}],"scaleFrame":[{"duration":5,"tweenEasing":0},{"duration":0}]}],"playTimes":0,"ffd":[]}],"frameRate":24,"bone":[{"name":"root","transform":{}},{"name":"body","transform":{"skX":-94.9653,"y":6.065,"x":3.1313,"skY":-94.9653},"length":18,"parent":"root"},{"name":"legR","transform":{"skX":-156.0107,"y":5.628,"x":-11.4742,"skY":-156.0107},"length":14,"parent":"body"},{"name":"armUpperR","transform":{"skX":159.9921,"y":3.7671,"x":9.6702,"skY":159.9921},"length":18,"parent":"body"},{"name":"legL","transform":{"skX":-154.3312,"y":-7.2331,"x":-8.526,"skY":-154.3312},"length":18,"parent":"body"},{"name":"head","transform":{"skX":11.4957,"y":-0.6964,"x":19.5737,"skY":11.4957},"length":18,"parent":"body"},{"name":"armUpperL","transform":{"skX":-171.7742,"y":-11.2326,"x":8.9378,"skY":-171.7742},"length":8,"parent":"body"},{"name":"tail","transform":{"skX":79.7425,"y":8.4152,"x":-14.0531,"skY":79.7425},"length":30,"parent":"body"},{"name":"clothes","transform":{"skX":-37.5342,"y":-3.809,"x":0.1708,"skY":-37.5342},"length":9,"parent":"body"},{"name":"armL","transform":{"skX":30.7088,"y":0.2671,"x":8.0116,"skY":30.7088},"length":7,"parent":"armUpperL"},{"name":"eyeR","transform":{"skX":80.4531,"y":-2.8795,"x":16.8315,"skY":80.4531},"parent":"head"},{"name":"tailTip","transform":{"skX":-37.5192,"y":-0.3721,"x":30.9435,"skY":-37.5192},"length":18,"parent":"tail"},{"name":"eyeL","transform":{"skX":80.4531,"y":-12.1426,"x":16.0524,"skY":80.4531},"parent":"head"},{"name":"beardL","transform":{"skX":-105.5036,"y":-16.035,"x":0.8951,"skY":-105.5036},"length":9,"parent":"head"},{"name":"armR","transform":{"skX":35.2088,"y":0.0634,"x":16.6499,"skY":35.2088},"length":6,"parent":"armUpperR"},{"name":"beardR","transform":{"skX":80.4531,"y":-4.3028,"x":2.793,"skY":80.4531},"length":9,"parent":"head"},{"name":"hair","transform":{"skX":86.9099,"y":9.6757,"x":12.579,"skY":86.9099},"length":6,"parent":"head"},{"name":"handR","transform":{"skX":17.875,"y":0.1329,"x":5.2065,"skY":17.875},"length":4,"parent":"armR"},{"name":"handL","transform":{"skX":4.4133,"y":-0.0513,"x":7.9957,"skY":4.4133},"length":9,"parent":"armL"}],"type":"Armature"}],"isGlobal":0}