{"name":"Dragon","height":64,"SubTexture":[{"name":"parts/tailTip","x":128,"frameWidth":13,"height":32,"y":32,"frameHeight":25,"frameX":0,"frameY":0,"width":16},{"name":"parts/armUpperL","x":176,"height":16,"y":16,"width":16},{"name":"parts/armL","x":176,"height":16,"y":32,"width":8},{"name":"parts/handL","x":176,"height":16,"y":48,"width":16},{"name":"parts/legL","x":96,"frameWidth":24,"height":32,"y":0,"frameHeight":22,"frameX":0,"frameY":0,"width":32},{"name":"parts/body","x":144,"frameWidth":28,"height":64,"y":0,"frameHeight":42,"frameX":0,"frameY":0,"width":32},{"name":"parts/tail","x":64,"height":32,"y":0,"width":32},{"name":"parts/clothes1","x":96,"height":32,"y":32,"width":32},{"name":"parts/hair","x":128,"height":32,"y":0,"width":16},{"name":"parts/head","x":0,"frameWidth":41,"height":64,"y":0,"frameHeight":47,"frameX":0,"frameY":0,"width":64},{"name":"parts/eyeL","x":200,"height":8,"y":16,"width":8},{"name":"parts/eyeR","x":192,"frameWidth":5,"height":8,"y":16,"frameHeight":7,"frameX":0,"frameY":0,"width":8},{"name":"parts/legR","x":64,"frameWidth":22,"height":32,"y":32,"frameHeight":28,"frameX":0,"frameY":0,"width":32},{"name":"parts/armUpperR","x":176,"height":16,"y":0,"width":32},{"name":"parts/armR","x":184,"frameWidth":6,"height":16,"y":32,"frameHeight":9,"frameX":0,"frameY":0,"width":8},{"name":"parts/handR","x":192,"height":8,"y":48,"width":16},{"name":"parts/beardL","x":192,"frameWidth":14,"height":8,"y":32,"frameHeight":4,"frameX":0,"frameY":0,"width":16},{"name":"parts/beardR","x":192,"height":8,"y":40,"width":16}],"imagePath":"Dragon_tex.png","width":256}
